Log File,App Name,Third Party
com.amazon.avod.thirdpartyclient,amazonPrimeVideo,N/A
com.amazon.mShop.android.shopping,amazonShopping,N/A
com.amazon.mShop.android.shopping,amazonShopping,N/A
com.amazon.mShop.android.shopping,amazonShopping,N/A
com.amazon.mShop.android.shopping,amazonShopping,N/A
com.amazon.mShop.android.shopping,amazonShopping,N/A
com.arlo.app,arlo,N/A
com.arlo.app,arlo,N/A
com.arlo.app,arlo,N/A
com.arlo.app,arlo,N/A
com.bbm,bbm,N/A
com.bfs.papertoss,papertoss,Localytics
com.bfs.papertoss,papertoss,Localytics
com.bfs.papertoss,papertoss,Localytics
com.bfs.papertoss,papertoss,Localytics
com.bfs.papertoss,papertoss,Localytics
com.bfs.papertoss,papertoss,Localytics
com.bfs.papertoss,papertoss,Localytics
com.bfs.papertoss,papertoss,Localytics
com.bfs.papertoss,papertoss,Localytics
com.bfs.papertoss,papertoss,Localytics
com.bfs.papertoss,papertoss,Localytics
com.bfs.papertoss,papertoss,Localytics
com.bfs.papertoss,papertoss,Localytics
com.bfs.papertoss,papertoss,Localytics
com.bfs.papertoss,papertoss,Localytics
com.dianxinos.dxbs,duBatterySaver,N/A
com.dianxinos.dxbs,duBatterySaver,N/A
com.fox.now,foxNow,N/A
com.foxsports.android,foxSports,N/A
com.gau.go.launcherex.gowidget.weatherwidget,goWeather,MoPub
com.gau.go.launcherex.gowidget.weatherwidget,goWeather,N/A
com.gau.go.launcherex.gowidget.weatherwidget,goWeather,N/A
com.gau.go.launcherex.gowidget.weatherwidget,goWeather,N/A
com.gau.go.launcherex.gowidget.weatherwidget,goWeather,N/A
com.gau.go.launcherex.gowidget.weatherwidget,goWeather,N/A
com.gau.go.launcherex.gowidget.weatherwidget,goWeather,N/A
com.gau.go.launcherex.gowidget.weatherwidget,goWeather,N/A
com.gau.go.launcherex.gowidget.weatherwidget,goWeather,N/A
com.gau.go.launcherex.gowidget.weatherwidget,goWeather,N/A
com.gau.go.launcherex.gowidget.weatherwidget,goWeather,N/A
com.gau.go.launcherex.gowidget.weatherwidget,goWeather,N/A
com.gau.go.launcherex.gowidget.weatherwidget,goWeather,N/A
com.gau.go.launcherex.gowidget.weatherwidget,goWeather,N/A
com.gau.go.launcherex.gowidget.weatherwidget,goWeather,N/A
com.gau.go.launcherex.gowidget.weatherwidget,goWeather,N/A
com.gau.go.launcherex.gowidget.weatherwidget,goWeather,N/A
com.gau.go.launcherex.gowidget.weatherwidget,goWeather,N/A
com.gau.go.launcherex.gowidget.weatherwidget,goWeather,N/A
com.gau.go.launcherex.gowidget.weatherwidget,goWeather,N/A
com.gau.go.launcherex.gowidget.weatherwidget,goWeather,N/A
com.gau.go.launcherex.gowidget.weatherwidget,goWeather,N/A
com.gau.go.launcherex.gowidget.weatherwidget,goWeather,N/A
com.gau.go.launcherex.gowidget.weatherwidget,goWeather,N/A
com.gau.go.launcherex.gowidget.weatherwidget,goWeather,N/A
com.gau.go.launcherex.gowidget.weatherwidget,goWeather,N/A
com.gau.go.launcherex.gowidget.weatherwidget,goWeather,MoPub
com.gau.go.launcherex.gowidget.weatherwidget,goWeather,N/A
com.gau.go.launcherex.gowidget.weatherwidget,goWeather,N/A
com.gau.go.launcherex.gowidget.weatherwidget,goWeather,N/A
com.gau.go.launcherex.gowidget.weatherwidget,goWeather,N/A
com.gau.go.launcherex.gowidget.weatherwidget,goWeather,N/A
com.gau.go.launcherex.gowidget.weatherwidget,goWeather,N/A
com.gau.go.launcherex.gowidget.weatherwidget,goWeather,N/A
com.gau.go.launcherex.gowidget.weatherwidget,goWeather,N/A
com.gau.go.launcherex.gowidget.weatherwidget,goWeather,N/A
com.gau.go.launcherex.gowidget.weatherwidget,goWeather,N/A
com.gau.go.launcherex.gowidget.weatherwidget,goWeather,N/A
com.gau.go.launcherex.gowidget.weatherwidget,goWeather,N/A
com.gau.go.launcherex.gowidget.weatherwidget,goWeather,N/A
com.gau.go.launcherex.gowidget.weatherwidget,goWeather,N/A
com.gau.go.launcherex.gowidget.weatherwidget,goWeather,N/A
com.gau.go.launcherex.gowidget.weatherwidget,goWeather,N/A
com.gau.go.launcherex.gowidget.weatherwidget,goWeather,N/A
com.gau.go.launcherex.gowidget.weatherwidget,goWeather,N/A
com.gau.go.launcherex.gowidget.weatherwidget,goWeather,N/A
com.gau.go.launcherex.gowidget.weatherwidget,goWeather,N/A
com.gau.go.launcherex.gowidget.weatherwidget,goWeather,N/A
com.gau.go.launcherex.gowidget.weatherwidget,goWeather,N/A
com.gau.go.launcherex.gowidget.weatherwidget,goWeather,N/A
com.gau.go.launcherex.gowidget.weatherwidget,goWeather,N/A
com.gau.go.launcherex.gowidget.weatherwidget,goWeather,N/A
com.gau.go.launcherex.gowidget.weatherwidget,goWeather,N/A
com.gau.go.launcherex.gowidget.weatherwidget,goWeather,N/A
com.gau.go.launcherex.gowidget.weatherwidget,goWeather,N/A
com.gau.go.launcherex.gowidget.weatherwidget,goWeather,N/A
com.gau.go.launcherex.gowidget.weatherwidget,goWeather,N/A
com.gau.go.launcherex.gowidget.weatherwidget,goWeather,N/A
com.gau.go.launcherex.gowidget.weatherwidget,goWeather,N/A
com.gau.go.launcherex.gowidget.weatherwidget,goWeather,N/A
com.gau.go.launcherex.gowidget.weatherwidget,goWeather,N/A
com.gau.go.launcherex.gowidget.weatherwidget,goWeather,N/A
com.gau.go.launcherex.gowidget.weatherwidget,goWeather,N/A
com.gau.go.launcherex.gowidget.weatherwidget,goWeather,N/A
com.gau.go.launcherex.gowidget.weatherwidget,goWeather,N/A
com.gau.go.launcherex.gowidget.weatherwidget,goWeather,N/A
com.gau.go.launcherex.gowidget.weatherwidget,goWeather,N/A
com.gonoodle.gonoodle,goNoodle,N/A
com.gonoodle.gonoodle,goNoodle,N/A
com.gonoodle.gonoodle,goNoodle,N/A
com.gonoodle.gonoodle,goNoodle,N/A
com.gonoodle.gonoodle,goNoodle,N/A
com.gonoodle.gonoodle,goNoodle,N/A
com.gonoodle.gonoodle,goNoodle,N/A
com.gonoodle.gonoodle,goNoodle,N/A
com.gonoodle.gonoodle,goNoodle,N/A
com.gonoodle.gonoodle,goNoodle,N/A
com.gonoodle.gonoodle,goNoodle,N/A
com.gonoodle.gonoodle,goNoodle,N/A
com.gonoodle.gonoodle,goNoodle,N/A
com.gonoodle.gonoodle,goNoodle,N/A
com.gonoodle.gonoodle,goNoodle,N/A
com.gonoodle.gonoodle,goNoodle,N/A
com.gonoodle.gonoodle,goNoodle,N/A
com.gonoodle.gonoodle,goNoodle,N/A
com.gonoodle.gonoodle,goNoodle,N/A
com.gonoodle.gonoodle,goNoodle,N/A
com.gonoodle.gonoodle,goNoodle,N/A
com.gonoodle.gonoodle,goNoodle,N/A
com.gonoodle.gonoodle,goNoodle,N/A
com.gonoodle.gonoodle,goNoodle,N/A
com.gonoodle.gonoodle,goNoodle,N/A
com.gonoodle.gonoodle,goNoodle,N/A
com.gonoodle.gonoodle,goNoodle,N/A
com.gonoodle.gonoodle,goNoodle,N/A
com.gonoodle.gonoodle,goNoodle,N/A
com.gonoodle.gonoodle,goNoodle,N/A
com.gonoodle.gonoodle,goNoodle,N/A
com.gonoodle.gonoodle,goNoodle,N/A
com.gonoodle.gonoodle,goNoodle,N/A
com.gonoodle.gonoodle,goNoodle,N/A
com.gonoodle.gonoodle,goNoodle,N/A
com.gonoodle.gonoodle,goNoodle,N/A
com.gonoodle.gonoodle,goNoodle,N/A
com.gonoodle.gonoodle,goNoodle,N/A
com.gonoodle.gonoodle,goNoodle,N/A
com.gonoodle.gonoodle,goNoodle,N/A
com.gonoodle.gonoodle,goNoodle,N/A
com.gonoodle.gonoodle,goNoodle,N/A
com.gonoodle.gonoodle,goNoodle,N/A
com.gonoodle.gonoodle,goNoodle,N/A
com.gonoodle.gonoodle,goNoodle,N/A
com.gonoodle.gonoodle,goNoodle,N/A
com.gonoodle.gonoodle,goNoodle,N/A
com.gonoodle.gonoodle,goNoodle,N/A
com.gonoodle.gonoodle,goNoodle,N/A
com.gonoodle.gonoodle,goNoodle,N/A
com.gonoodle.gonoodle,goNoodle,N/A
com.gonoodle.gonoodle,goNoodle,N/A
com.gonoodle.gonoodle,goNoodle,N/A
com.gonoodle.gonoodle,goNoodle,N/A
com.gonoodle.gonoodle,goNoodle,N/A
com.gonoodle.gonoodle,goNoodle,N/A
com.gonoodle.gonoodle,goNoodle,N/A
com.gonoodle.gonoodle,goNoodle,N/A
com.gonoodle.gonoodle,goNoodle,N/A
com.gonoodle.gonoodle,goNoodle,N/A
com.gonoodle.gonoodle,goNoodle,N/A
com.gonoodle.gonoodle,goNoodle,N/A
com.gonoodle.gonoodle,goNoodle,N/A
com.gonoodle.gonoodle,goNoodle,N/A
com.gonoodle.gonoodle,goNoodle,N/A
com.gonoodle.gonoodle,goNoodle,N/A
com.gonoodle.gonoodle,goNoodle,N/A
com.gonoodle.gonoodle,goNoodle,N/A
com.gonoodle.gonoodle,goNoodle,N/A
com.gonoodle.gonoodle,goNoodle,N/A
com.gonoodle.gonoodle,goNoodle,N/A
com.gonoodle.gonoodle,goNoodle,N/A
com.gonoodle.gonoodle,goNoodle,N/A
com.gonoodle.gonoodle,goNoodle,N/A
com.gonoodle.gonoodle,goNoodle,N/A
com.gonoodle.gonoodle,goNoodle,N/A
com.gonoodle.gonoodle,goNoodle,N/A
com.gonoodle.gonoodle,goNoodle,N/A
com.gonoodle.gonoodle,goNoodle,N/A
com.gonoodle.gonoodle,goNoodle,N/A
com.gonoodle.gonoodle,goNoodle,N/A
com.gonoodle.gonoodle,goNoodle,N/A
com.gonoodle.gonoodle,goNoodle,N/A
com.gonoodle.gonoodle,goNoodle,N/A
com.gonoodle.gonoodle,goNoodle,N/A
com.gonoodle.gonoodle,goNoodle,N/A
com.gonoodle.gonoodle,goNoodle,N/A
com.gonoodle.gonoodle,goNoodle,N/A
com.gonoodle.gonoodle,goNoodle,N/A
com.gonoodle.gonoodle,goNoodle,N/A
com.google.android.apps.youtube.kids,youtubeKids,N/A
com.gotv.nflgamecenter.us.lite,nfl,N/A
com.gotv.nflgamecenter.us.lite,nfl,N/A
com.gotv.nflgamecenter.us.lite,nfl,N/A
com.gotv.nflgamecenter.us.lite,nfl,N/A
com.indeed.android.jobsearch,indeed,N/A
com.indeed.android.jobsearch,indeed,N/A
com.indeed.android.jobsearch,indeed,N/A
com.konylabs.capitalone,capitalOneMobile,N/A
com.konylabs.capitalone,capitalOneMobile,N/A
com.konylabs.capitalone,capitalOneMobile,N/A
com.konylabs.capitalone,capitalOneMobile,N/A
com.konylabs.capitalone,capitalOneMobile,N/A
com.konylabs.capitalone,capitalOneMobile,N/A
com.konylabs.capitalone,capitalOneMobile,N/A
com.konylabs.capitalone,capitalOneMobile,N/A
com.konylabs.capitalone,capitalOneMobile,N/A
com.konylabs.capitalone,capitalOneMobile,N/A
com.konylabs.capitalone,capitalOneMobile,N/A
com.konylabs.capitalone,capitalOneMobile,N/A
com.konylabs.capitalone,capitalOneMobile,N/A
com.konylabs.capitalone,capitalOneMobile,N/A
com.konylabs.capitalone,capitalOneMobile,N/A
com.konylabs.capitalone,capitalOneMobile,N/A
com.konylabs.capitalone,capitalOneMobile,N/A
com.konylabs.capitalone,capitalOneMobile,N/A
com.konylabs.capitalone,capitalOneMobile,N/A
com.konylabs.capitalone,capitalOneMobile,N/A
com.konylabs.capitalone,capitalOneMobile,N/A
com.konylabs.capitalone,capitalOneMobile,N/A
com.konylabs.capitalone,capitalOneMobile,N/A
com.konylabs.capitalone,capitalOneMobile,N/A
com.konylabs.capitalone,capitalOneMobile,N/A
com.konylabs.capitalone,capitalOneMobile,N/A
com.konylabs.capitalone,capitalOneMobile,N/A
com.konylabs.capitalone,capitalOneMobile,N/A
com.konylabs.capitalone,capitalOneMobile,N/A
com.konylabs.capitalone,capitalOneMobile,N/A
com.konylabs.capitalone,capitalOneMobile,N/A
com.konylabs.capitalone,capitalOneMobile,N/A
com.konylabs.capitalone,capitalOneMobile,N/A
com.konylabs.capitalone,capitalOneMobile,N/A
com.konylabs.capitalone,capitalOneMobile,N/A
com.konylabs.capitalone,capitalOneMobile,N/A
com.konylabs.capitalone,capitalOneMobile,N/A
com.konylabs.capitalone,capitalOneMobile,N/A
com.konylabs.capitalone,capitalOneMobile,N/A
com.konylabs.capitalone,capitalOneMobile,N/A
com.konylabs.capitalone,capitalOneMobile,N/A
com.konylabs.capitalone,capitalOneMobile,N/A
com.konylabs.capitalone,capitalOneMobile,N/A
com.konylabs.capitalone,capitalOneMobile,N/A
com.konylabs.capitalone,capitalOneMobile,N/A
com.konylabs.capitalone,capitalOneMobile,N/A
com.konylabs.capitalone,capitalOneMobile,N/A
com.konylabs.capitalone,capitalOneMobile,N/A
com.konylabs.capitalone,capitalOneMobile,N/A
com.konylabs.capitalone,capitalOneMobile,N/A
com.konylabs.capitalone,capitalOneMobile,N/A
com.konylabs.capitalone,capitalOneMobile,N/A
com.konylabs.capitalone,capitalOneMobile,N/A
com.konylabs.capitalone,capitalOneMobile,N/A
com.konylabs.capitalone,capitalOneMobile,N/A
com.konylabs.capitalone,capitalOneMobile,N/A
com.konylabs.capitalone,capitalOneMobile,N/A
com.konylabs.capitalone,capitalOneMobile,N/A
com.konylabs.capitalone,capitalOneMobile,N/A
com.konylabs.capitalone,capitalOneMobile,N/A
com.konylabs.capitalone,capitalOneMobile,N/A
com.konylabs.capitalone,capitalOneMobile,N/A
com.konylabs.capitalone,capitalOneMobile,N/A
com.konylabs.capitalone,capitalOneMobile,N/A
com.konylabs.capitalone,capitalOneMobile,N/A
com.konylabs.capitalone,capitalOneMobile,N/A
com.konylabs.capitalone,capitalOneMobile,N/A
com.konylabs.capitalone,capitalOneMobile,N/A
com.konylabs.capitalone,capitalOneMobile,N/A
com.konylabs.capitalone,capitalOneMobile,N/A
com.konylabs.capitalone,capitalOneMobile,N/A
com.konylabs.capitalone,capitalOneMobile,N/A
com.konylabs.capitalone,capitalOneMobile,N/A
com.konylabs.capitalone,capitalOneMobile,N/A
com.konylabs.capitalone,capitalOneMobile,N/A
com.konylabs.capitalone,capitalOneMobile,N/A
com.konylabs.capitalone,capitalOneMobile,N/A
com.konylabs.capitalone,capitalOneMobile,N/A
com.konylabs.capitalone,capitalOneMobile,N/A
com.konylabs.capitalone,capitalOneMobile,N/A
com.konylabs.capitalone,capitalOneMobile,N/A
com.konylabs.capitalone,capitalOneMobile,N/A
com.konylabs.capitalone,capitalOneMobile,N/A
com.konylabs.capitalone,capitalOneMobile,N/A
com.konylabs.capitalone,capitalOneMobile,N/A
com.konylabs.capitalone,capitalOneMobile,N/A
com.konylabs.capitalone,capitalOneMobile,N/A
com.konylabs.capitalone,capitalOneMobile,N/A
com.konylabs.capitalone,capitalOneMobile,N/A
com.konylabs.capitalone,capitalOneMobile,N/A
com.konylabs.capitalone,capitalOneMobile,N/A
com.konylabs.capitalone,capitalOneMobile,N/A
com.konylabs.capitalone,capitalOneMobile,N/A
com.konylabs.capitalone,capitalOneMobile,N/A
com.konylabs.capitalone,capitalOneMobile,N/A
com.konylabs.capitalone,capitalOneMobile,N/A
com.konylabs.capitalone,capitalOneMobile,N/A
com.konylabs.capitalone,capitalOneMobile,N/A
com.konylabs.capitalone,capitalOneMobile,N/A
com.konylabs.capitalone,capitalOneMobile,N/A
com.konylabs.capitalone,capitalOneMobile,N/A
com.konylabs.capitalone,capitalOneMobile,N/A
com.konylabs.capitalone,capitalOneMobile,N/A
com.konylabs.capitalone,capitalOneMobile,N/A
com.konylabs.capitalone,capitalOneMobile,N/A
com.konylabs.capitalone,capitalOneMobile,N/A
com.konylabs.capitalone,capitalOneMobile,N/A
com.konylabs.capitalone,capitalOneMobile,N/A
com.konylabs.capitalone,capitalOneMobile,N/A
com.konylabs.capitalone,capitalOneMobile,N/A
com.konylabs.capitalone,capitalOneMobile,N/A
com.konylabs.capitalone,capitalOneMobile,N/A
com.konylabs.capitalone,capitalOneMobile,N/A
com.konylabs.capitalone,capitalOneMobile,N/A
com.konylabs.capitalone,capitalOneMobile,N/A
com.konylabs.capitalone,capitalOneMobile,N/A
com.konylabs.capitalone,capitalOneMobile,N/A
com.konylabs.capitalone,capitalOneMobile,N/A
com.konylabs.capitalone,capitalOneMobile,N/A
com.konylabs.capitalone,capitalOneMobile,N/A
com.konylabs.capitalone,capitalOneMobile,N/A
com.konylabs.capitalone,capitalOneMobile,N/A
com.konylabs.capitalone,capitalOneMobile,N/A
com.konylabs.capitalone,capitalOneMobile,N/A
com.konylabs.capitalone,capitalOneMobile,N/A
com.konylabs.capitalone,capitalOneMobile,N/A
com.konylabs.capitalone,capitalOneMobile,N/A
com.konylabs.capitalone,capitalOneMobile,N/A
com.konylabs.capitalone,capitalOneMobile,N/A
com.konylabs.capitalone,capitalOneMobile,N/A
com.konylabs.capitalone,capitalOneMobile,N/A
com.konylabs.capitalone,capitalOneMobile,N/A
com.konylabs.capitalone,capitalOneMobile,N/A
com.konylabs.capitalone,capitalOneMobile,N/A
com.konylabs.capitalone,capitalOneMobile,N/A
com.konylabs.capitalone,capitalOneMobile,N/A
com.konylabs.capitalone,capitalOneMobile,N/A
com.konylabs.capitalone,capitalOneMobile,N/A
com.konylabs.capitalone,capitalOneMobile,N/A
com.konylabs.capitalone,capitalOneMobile,N/A
com.konylabs.capitalone,capitalOneMobile,N/A
com.konylabs.capitalone,capitalOneMobile,N/A
com.konylabs.capitalone,capitalOneMobile,N/A
com.konylabs.capitalone,capitalOneMobile,N/A
com.konylabs.capitalone,capitalOneMobile,UnityAds
com.konylabs.capitalone,capitalOneMobile,UnityAds
com.konylabs.capitalone,capitalOneMobile,MoPub
com.konylabs.capitalone,capitalOneMobile,MoPub
com.konylabs.capitalone,capitalOneMobile,N/A
com.konylabs.capitalone,capitalOneMobile,N/A
com.konylabs.capitalone,capitalOneMobile,N/A
com.konylabs.capitalone,capitalOneMobile,N/A
com.konylabs.capitalone,capitalOneMobile,N/A
com.konylabs.capitalone,capitalOneMobile,N/A
com.konylabs.capitalone,capitalOneMobile,N/A
com.konylabs.capitalone,capitalOneMobile,N/A
com.konylabs.capitalone,capitalOneMobile,N/A
com.konylabs.capitalone,capitalOneMobile,N/A
com.konylabs.capitalone,capitalOneMobile,N/A
com.konylabs.capitalone,capitalOneMobile,N/A
com.konylabs.capitalone,capitalOneMobile,N/A
com.konylabs.capitalone,capitalOneMobile,N/A
com.konylabs.capitalone,capitalOneMobile,N/A
com.konylabs.capitalone,capitalOneMobile,N/A
com.konylabs.capitalone,capitalOneMobile,N/A
com.konylabs.capitalone,capitalOneMobile,N/A
com.konylabs.capitalone,capitalOneMobile,N/A
com.konylabs.capitalone,capitalOneMobile,N/A
com.konylabs.capitalone,capitalOneMobile,N/A
com.lime.video.player,limePlayer,N/A
com.lime.video.player,limePlayer,N/A
com.lime.video.player,limePlayer,N/A
com.lime.video.player,limePlayer,N/A
com.lime.video.player,limePlayer,N/A
com.lime.video.player,limePlayer,N/A
com.lime.video.player,limePlayer,N/A
com.lime.video.player,limePlayer,N/A
com.lime.video.player,limePlayer,N/A
com.lime.video.player,limePlayer,N/A
com.lime.video.player,limePlayer,N/A
com.lime.video.player,limePlayer,N/A
com.lime.video.player,limePlayer,N/A
com.lime.video.player,limePlayer,N/A
com.lime.video.player,limePlayer,N/A
com.lime.video.player,limePlayer,N/A
com.lime.video.player,limePlayer,N/A
com.lime.video.player,limePlayer,N/A
com.lime.video.player,limePlayer,N/A
com.lime.video.player,limePlayer,N/A
com.lime.video.player,limePlayer,N/A
com.lime.video.player,limePlayer,N/A
com.lime.video.player,limePlayer,N/A
com.lime.video.player,limePlayer,N/A
com.lime.video.player,limePlayer,N/A
com.lime.video.player,limePlayer,N/A
com.lime.video.player,limePlayer,N/A
com.lime.video.player,limePlayer,N/A
com.lime.video.player,limePlayer,N/A
com.lime.video.player,limePlayer,N/A
com.lime.video.player,limePlayer,N/A
com.lime.video.player,limePlayer,N/A
com.lime.video.player,limePlayer,N/A
com.lime.video.player,limePlayer,N/A
com.lime.video.player,limePlayer,N/A
com.lime.video.player,limePlayer,N/A
com.lime.video.player,limePlayer,N/A
com.lime.video.player,limePlayer,N/A
com.lime.video.player,limePlayer,N/A
com.lime.video.player,limePlayer,N/A
com.lime.video.player,limePlayer,N/A
com.lime.video.player,limePlayer,N/A
com.lime.video.player,limePlayer,N/A
com.lime.video.player,limePlayer,N/A
com.lime.video.player,limePlayer,N/A
com.lime.video.player,limePlayer,N/A
com.lime.video.player,limePlayer,N/A
com.lime.video.player,limePlayer,N/A
com.lime.video.player,limePlayer,N/A
com.lime.video.player,limePlayer,N/A
com.lime.video.player,limePlayer,N/A
com.lime.video.player,limePlayer,N/A
com.lime.video.player,limePlayer,N/A
com.lime.video.player,limePlayer,N/A
com.lime.video.player,limePlayer,N/A
com.lime.video.player,limePlayer,N/A
com.lime.video.player,limePlayer,N/A
com.lime.video.player,limePlayer,N/A
com.lime.video.player,limePlayer,N/A
com.lime.video.player,limePlayer,N/A
com.lime.video.player,limePlayer,N/A
com.lime.video.player,limePlayer,N/A
com.lime.video.player,limePlayer,N/A
com.lime.video.player,limePlayer,N/A
com.lime.video.player,limePlayer,N/A
com.lime.video.player,limePlayer,N/A
com.lime.video.player,limePlayer,N/A
com.lime.video.player,limePlayer,N/A
com.lime.video.player,limePlayer,N/A
com.lime.video.player,limePlayer,N/A
com.lime.video.player,limePlayer,N/A
com.lime.video.player,limePlayer,N/A
com.lime.video.player,limePlayer,N/A
com.lime.video.player,limePlayer,N/A
com.lime.video.player,limePlayer,N/A
com.lime.video.player,limePlayer,N/A
com.lime.video.player,limePlayer,N/A
com.lime.video.player,limePlayer,N/A
com.lime.video.player,limePlayer,N/A
com.lime.video.player,limePlayer,N/A
com.lime.video.player,limePlayer,N/A
com.lime.video.player,limePlayer,N/A
com.lime.video.player,limePlayer,N/A
com.lime.video.player,limePlayer,N/A
com.lime.video.player,limePlayer,N/A
com.lime.video.player,limePlayer,N/A
com.lime.video.player,limePlayer,N/A
com.lime.video.player,limePlayer,N/A
com.lime.video.player,limePlayer,N/A
com.lime.video.player,limePlayer,N/A
com.lime.video.player,limePlayer,N/A
com.lime.video.player,limePlayer,N/A
com.naver.linewebtoon,webtoon,N/A
com.naver.linewebtoon,webtoon,N/A
com.naver.linewebtoon,webtoon,N/A
com.naver.linewebtoon,webtoon,N/A
com.naver.linewebtoon,webtoon,N/A
com.naver.linewebtoon,webtoon,N/A
com.pandora.android,pandora,N/A
com.pandora.android,pandora,N/A
com.particlenews.newsbreak,newsBreak,N/A
com.pinterest,pinterest,N/A
com.pof.android,plentyOfFish,N/A
com.pof.android,plentyOfFish,N/A
com.postmates.android,postmates,N/A
com.postmates.android,postmates,N/A
com.postmates.android,postmates,N/A
com.postmates.android,postmates,N/A
com.postmates.android,postmates,N/A
com.postmates.android,postmates,N/A
com.postmates.android,postmates,N/A
com.postmates.android,postmates,N/A
com.postmates.android,postmates,N/A
com.postmates.android,postmates,N/A
com.postmates.android,postmates,N/A
com.postmates.android,postmates,N/A
com.postmates.android,postmates,N/A
com.postmates.android,postmates,N/A
com.postmates.android,postmates,N/A
com.postmates.android,postmates,N/A
com.postmates.android,postmates,N/A
com.postmates.android,postmates,N/A
com.postmates.android,postmates,N/A
com.postmates.android,postmates,N/A
com.postmates.android,postmates,N/A
com.postmates.android,postmates,N/A
com.postmates.android,postmates,N/A
com.postmates.android,postmates,N/A
com.postmates.android,postmates,N/A
com.postmates.android,postmates,N/A
com.postmates.android,postmates,N/A
com.postmates.android,postmates,N/A
com.sec.android.easyMover,samsungSmartSwitch,N/A
com.sec.android.easyMover,samsungSmartSwitch,N/A
com.smule.singandroid,smule,N/A
com.smule.singandroid,smule,N/A
com.squareup.cash,squareup,N/A
com.squareup.cash,squareup,N/A
com.squareup.cash,squareup,N/A
com.squareup.cash,squareup,N/A
com.squareup.cash,squareup,N/A
com.ticketmaster.mobile.android.na,ticketmaster,N/A
com.ticketmaster.mobile.android.na,ticketmaster,N/A
com.topfreegames.bikeracefreeworld,bikeRace,UnityAds
com.UCMobile.intl,ucBrowser,N/A
com.UCMobile.intl,ucBrowser,N/A
com.venmo,venmo,N/A
com.venmo,venmo,N/A
com.weather.Weather,weather,N/A
com.weather.Weather,weather,N/A
com.weather.Weather,weather,N/A
com.weather.Weather,weather,N/A
com.weather.Weather,weather,N/A
com.weather.Weather,weather,N/A
com.weather.Weather,weather,N/A
com.weather.Weather,weather,N/A
com.weather.Weather,weather,N/A
com.weather.Weather,weather,N/A
com.weather.Weather,weather,N/A
com.weather.Weather,weather,N/A
com.weather.Weather,weather,N/A
com.weather.Weather,weather,N/A
com.weather.Weather,weather,N/A
com.weather.Weather,weather,N/A
com.weather.Weather,weather,N/A
com.weather.Weather,weather,N/A
com.weather.Weather,weather,N/A
com.weather.Weather,weather,N/A
com.weather.Weather,weather,N/A
com.weather.Weather,weather,N/A
com.weather.Weather,weather,N/A
com.weather.Weather,weather,N/A
com.weather.Weather,weather,N/A
com.weather.Weather,weather,N/A
com.weather.Weather,weather,N/A
com.weather.Weather,weather,N/A
com.weather.Weather,weather,N/A
com.weather.Weather,weather,N/A
com.weather.Weather,weather,N/A
com.weather.Weather,weather,N/A
com.weather.Weather,weather,N/A
com.weather.Weather,weather,N/A
com.weather.Weather,weather,N/A
com.weather.Weather,weather,N/A
com.weather.Weather,weather,N/A
com.weather.Weather,weather,N/A
com.weather.Weather,weather,N/A
com.weather.Weather,weather,N/A
com.weather.Weather,weather,N/A
com.weather.Weather,weather,N/A
com.weather.Weather,weather,N/A
com.weather.Weather,weather,N/A
com.weather.Weather,weather,N/A
com.weather.Weather,weather,N/A
com.weather.Weather,weather,N/A
com.weather.Weather,weather,N/A
com.weather.Weather,weather,N/A
com.weather.Weather,weather,N/A
com.weather.Weather,weather,N/A
com.weather.Weather,weather,N/A
com.weather.Weather,weather,N/A
com.weather.Weather,weather,N/A
com.weather.Weather,weather,N/A
com.weather.Weather,weather,N/A
com.weather.Weather,weather,N/A
com.weather.Weather,weather,N/A
com.weather.Weather,weather,N/A
com.weather.Weather,weather,N/A
com.weather.Weather,weather,N/A
com.weather.Weather,weather,N/A
com.weather.Weather,weather,N/A
com.weather.Weather,weather,N/A
com.weather.Weather,weather,N/A
com.weather.Weather,weather,N/A
com.weather.Weather,weather,N/A
com.weather.Weather,weather,N/A
com.weather.Weather,weather,N/A
com.weather.Weather,weather,N/A
com.weather.Weather,weather,N/A
com.weather.Weather,weather,N/A
com.weather.Weather,weather,N/A
com.weather.Weather,weather,N/A
com.weather.Weather,weather,N/A
com.weather.Weather,weather,N/A
com.weather.Weather,weather,N/A
com.weather.Weather,weather,N/A
com.whatsapp.app,whatsapp,N/A
com.whatsapp.app,whatsapp,N/A
com.whatsapp.app,whatsapp,N/A
com.whatsapp.app,whatsapp,N/A
com.whatsapp.app,whatsapp,N/A
com.yahoo.mobile.client.android.mail,yahoo,N/A
com.yahoo.mobile.client.android.mail,yahoo,N/A
com.zillow.android.zillowmap,zillow,N/A
com.zillow.android.zillowmap,zillow,N/A
com.zillow.android.zillowmap,zillow,N/A
com.zillow.android.zillowmap,zillow,N/A
com.zillow.android.zillowmap,zillow,N/A
paint.by.number.pixel.art.coloring.drawing.puzzle,paintByNumber,UnityAds
paint.by.number.pixel.art.coloring.drawing.puzzle,paintByNumber,N/A
paint.by.number.pixel.art.coloring.drawing.puzzle,paintByNumber,N/A
paint.by.number.pixel.art.coloring.drawing.puzzle,paintByNumber,N/A
scratch.lucky.money.free.real.big.win,luckyMoney,UnityAds
scratch.lucky.money.free.real.big.win,luckyMoney,UnityAds
us.ozteam.bigfoot,bigfoot,N/A
us.ozteam.bigfoot,bigfoot,N/A